{
  "models": [
    {
      "Model": "LSTM",
      "R²": 0.9233428835868835,
      "RMSE(%)": 0.7843489646911621,
      "MAE(%)": 0.2951180636882782
    },
    {
      "Model": "Transformer",
      "R²": 0.916890025138855,
      "RMSE(%)": 0.8166946768760681,
      "MAE(%)": 0.2772625684738159
    },
    {
      "Model": "XGBoost",
      "R²": 0.9084298610687256,
      "RMSE(%)": 0.8572551012039185,
      "MAE(%)": 0.23764359951019287
    },
    {
      "Model": "Neural CDE",
      "R²": -49.0438346862793,
      "RMSE(%)": 20.06157684326172,
      "MAE(%)": 12.081038475036621
    }
  ],
  "winner": "LSTM"
}